Actual,Predicted
Cold,Neutral
Cold,Neutral
Cold,Neutral
Cold,Neutral
Cold,Neutral
Cold,Warm
Cold,Warm
Cold,Neutral
Cold,Warm
Cold,Neutral
Cold,Warm
Cold,Neutral
Cold,Neutral
Cold,Neutral
Cold,Neutral
Cold,Warm
Cold,Neutral
Cold,Warm
Cold,Neutral
Cold,Neutral
Cold,Neutral
Cold,Warm
Cold,Neutral
Cold,Neutral
Cold,Neutral
Cold,Neutral
Cold,Neutral
Cold,Cold
Cold,Warm
Cold,Neutral
Cold,Warm
Cold,Neutral
Cold,Warm
Cold,Warm
Cold,Neutral
Cold,Neutral
Cold,Neutral
Cold,Warm
Cold,Neutral
Cold,Neutral
Cold,Warm
Cold,Neutral
Cold,Neutral
Cold,Neutral
Cold,Warm
Cold,Warm
Cold,Neutral
Cold,Warm
Cold,Neutral
Cold,Neutral
Cold,Neutral
Cold,Neutral
Cold,Neutral
Cold,Neutral
Cold,Neutral
Cold,Warm
Cold,Neutral
Cold,Neutral
Cold,Neutral
Cold,Neutral
Cold,Neutral
Cold,Warm
Cold,Warm
Cold,Neutral
Cold,Warm
Cold,Warm
Cold,Neutral
Cold,Warm
Cold,Neutral
Cold,Neutral
Cold,Warm
Cold,Neutral
Cold,Neutral
Cold,Neutral
Cold,Warm
Cold,Neutral
Cold,Neutral
Cold,Neutral
Cold,Warm
Cold,Neutral
Cold,Neutral
Cold,Neutral
Cold,Warm
Cold,Neutral
Cold,Neutral
Cold,Neutral
Cold,Warm
Cold,Neutral
Cold,Neutral
Cold,Neutral
Cold,Warm
Cold,Neutral
Cold,Neutral
Cold,Neutral
Cold,Warm
Cold,Neutral
Cold,Neutral
Cold,Warm
Cold,Neutral
Cold,Cold
Neutral,Warm
Neutral,Warm
Neutral,Warm
Neutral,Warm
Neutral,Cold
Neutral,Warm
Neutral,Warm
Neutral,Warm
Neutral,Warm
Neutral,Cold
Neutral,Warm
Neutral,Warm
Neutral,Neutral
Neutral,Cold
Neutral,Warm
Neutral,Neutral
Neutral,Warm
Neutral,Warm
Neutral,Warm
Neutral,Warm
Neutral,Warm
Neutral,Warm
Neutral,Warm
Neutral,Warm
Neutral,Warm
Neutral,Warm
Neutral,Warm
Neutral,Neutral
Neutral,Warm
Neutral,Warm
Neutral,Warm
Neutral,Warm
Neutral,Neutral
Neutral,Warm
Neutral,Cold
Neutral,Neutral
Neutral,Warm
Neutral,Neutral
Neutral,Warm
Neutral,Neutral
Neutral,Warm
Neutral,Warm
Neutral,Cold
Neutral,Warm
Neutral,Warm
Neutral,Warm
Neutral,Warm
Neutral,Cold
Neutral,Neutral
Neutral,Warm
Neutral,Warm
Neutral,Cold
Neutral,Warm
Neutral,Warm
Neutral,Neutral
Neutral,Cold
Neutral,Warm
Neutral,Warm
Neutral,Cold
Neutral,Warm
Neutral,Warm
Neutral,Neutral
Neutral,Warm
Neutral,Warm
Neutral,Neutral
Neutral,Neutral
Neutral,Warm
Neutral,Warm
Neutral,Warm
Neutral,Neutral
Neutral,Warm
Neutral,Warm
Neutral,Cold
Neutral,Cold
Neutral,Warm
Neutral,Neutral
Neutral,Warm
Neutral,Warm
Neutral,Warm
Neutral,Cold
Neutral,Neutral
Neutral,Warm
Neutral,Neutral
Neutral,Neutral
Neutral,Warm
Neutral,Neutral
Neutral,Warm
Neutral,Neutral
Neutral,Warm
Neutral,Neutral
Neutral,Warm
Neutral,Warm
Neutral,Cold
Neutral,Warm
Neutral,Warm
Neutral,Warm
Neutral,Neutral
Neutral,Neutral
Neutral,Cold
Neutral,Warm
Warm,Warm
Warm,Warm
Warm,Warm
Warm,Warm
Warm,Warm
Warm,Warm
Warm,Warm
Warm,Warm
Warm,Warm
Warm,Warm
Warm,Warm
Warm,Warm
Warm,Warm
Warm,Warm
Warm,Warm
Warm,Warm
Warm,Warm
Warm,Warm
Warm,Warm
Warm,Warm
Warm,Warm
Warm,Warm
Warm,Warm
Warm,Warm
Warm,Warm
Warm,Warm
Warm,Warm
Warm,Warm
Warm,Warm
Warm,Warm
Warm,Warm
Warm,Warm
Warm,Warm
Warm,Warm
Warm,Warm
Warm,Warm
Warm,Warm
Warm,Warm
Warm,Warm
Warm,Warm
Warm,Warm
Warm,Warm
Warm,Warm
Warm,Warm
Warm,Warm
Warm,Warm
Warm,Warm
Warm,Warm
Warm,Warm
Warm,Warm
Warm,Warm
Warm,Warm
Warm,Warm
Warm,Warm
Warm,Warm
Warm,Warm
Warm,Warm
Warm,Warm
Warm,Warm
Warm,Warm
Warm,Warm
Warm,Warm
Warm,Warm
Warm,Warm
Warm,Warm
Warm,Warm
Warm,Warm
Warm,Warm
Warm,Warm
Warm,Warm
Warm,Warm
Warm,Warm
Warm,Warm
Warm,Warm
Warm,Warm
Warm,Warm
Warm,Warm
Warm,Warm
Warm,Warm
Warm,Warm
Warm,Warm
Warm,Warm
Warm,Warm
Warm,Warm
Warm,Warm
Warm,Warm
Warm,Warm
Warm,Warm
Warm,Warm
Warm,Warm
Warm,Warm
Warm,Warm
Warm,Warm
Warm,Warm
Warm,Warm
Warm,Warm
Warm,Warm
Warm,Warm
Warm,Warm
Warm,Warm
